<?xml version="1.0" encoding="UTF-8"?><storage><username>John Smith</username><images><image><name>cat1.jpg</name><width>494</width><height>500</height></image><image><name>cat2.jpg</name><width>600</width><height>600</height></image><image><name>cat3.jpg</name><width>700</width><height>700</height></image></images><date>2019/05/26 14:05:15</date></storage>
<?xml version="1.0" encoding="UTF-8"?><storage><username>John Smith</username><images><image><name>cat.jpg</name><width>600</width><height>600</height><hash>4706367242a386887dba5adaff11e382</hash></image><image><name>cat2.jpg</name><width>700</width><height>700</height><hash>4706367242a386887dba5adaff11e382</hash></image><image><name>cat3.jpg</name><width>494</width><height>500</height><hash>4706367242a386887dba5adaff11e382</hash></image></images><date>2019/05/26 14:06:48</date></storage>
